"V1","V2","V3","V4","V5","V6","V7","V8","V9","V10"
2.41907815577158,2.57020900537657,6.75768694682241,0.590882693996663,4.97128181420341,5.58414709613705,4.01674230320218,0.836817609742084,5.29472152121865,0.449076921284286
5.56591289178836,3.92020689084142,5.973751438172,6.6227347470207,5.98910763245727,4.88909126437734,6.97389737763194,7.01614767311353,7.77914888798856,6.02598594573751
2.71003814444809,5.89179455052339,6.55516711810673,6.3784948360029,6.1311428379913,6.81950304539742,6.90135902706994,5.81417660536912,5.66421688759729,5.0530911995796
6.39614036410486,5.09914773696569,6.81820353501631,7.84727777028841,7.14492387704781,5.94920276505029,5.73026428082392,6.93969850943468,4.5545639555457,6.78741588984389
5.85518917683572,6.20478010795103,6.03713104047161,6.83257756155001,8.34896515162539,5.5645500653375,5.67846244318712,6.46231644110977,5.17884534415366,6.35639214896616
1.70220997357684,-0.56791389380405,5.20293033577497,1.28181288970846,4.26395287915061,4.00100822399558,4.6001298696026,1.0137238339032,3.16110388601787,0.452396659579434
7.17085895841972,4.65610507166688,6.08131469344693,5.17586664733384,5.09485086845405,5.60350369457768,7.40148787800443,6.96580634831446,8.07635126387764,5.90289640281326
5.51730626090712,4.83196564639619,6.87400763474348,5.95624703129069,5.7888660793869,5.713598345002,7.0511228190456,6.11975633394538,5.65257171899266,5.63595091528438
3.98542395926619,4.83082834261251,4.3307799004491,5.75532409413731,6.14586206953351,3.55120607968154,7.18097668857052,4.80787387835169,4.74771223963863,6.84946031000383
0.747390947514904,0.362340384273704,3.97742693427413,1.44238796694087,4.06412030070614,4.07681648187116,3.57768137230053,-0.402945286031382,4.5675884215007,0.999758526580408
5.79985526701194,5.40298123342284,5.64631805358211,6.16062759516048,6.69553370821477,6.7743389167315,5.39004283237468,4.94803777701299,5.31197168658389,4.48509325943599
6.77354183822179,4.80001480933662,6.4191350750783,7.19418313649857,4.86315985417466,7.28949093596,2.55818983333325,4.37425500733068,7.41424605384652,6.20587914163596
6.5210253040275,5.52672424693595,4.86808392802546,6.83343604408297,5.0517164438829,4.66528150663031,6.48069029516464,5.39761262223276,5.117901459718,6.10170154428824
4.3629711501122,5.05848837124507,6.36971767779362,6.22334435964687,7.15889218062599,6.23695542864039,6.12413323161478,4.69219843057662,4.5107355648437,2.71090243823591
5.40555273081085,3.18994876117454,4.47302798173846,5.33046611109692,5.75564808959956,7.5636817303937,5.8722831166693,4.94059253241553,5.30940812360557,4.42107214257209
-0.631849259460244,-0.497584525060212,4.09595495464213,2.74404599606067,5.75060761278572,3.90396810316586,4.47994467130976,1.39247561607389,4.36846749122056,0.499074038418701
0.363902376826976,2.81568251357799,6.03831904663902,1.45788488938073,5.50209276243978,3.98211762104047,5.92645526917557,0.102129296806951,5.07142762642172,1.22560569042363
3.22732464717628,1.99634754876334,4.38400338397005,0.590011768124923,5.83733594996703,3.97107982052514,5.31259258019946,0.408353444053384,3.98373479254702,0.820845040750775
1.0082343910497,1.57538951074278,4.97554952435101,-0.0178105800153912,4.52630498032936,4.00773704168805,3.92381915524935,-0.502310266503095,4.37946346032174,1.72804724080604
5.6973567452376,5.93134894788212,4.39172703621108,7.65771746688812,5.81893003910536,4.31557322139458,5.89117573236715,4.70902334266561,5.33347216192821,5.9126995801526
4.33489751529065,5.69198171760966,5.19460915429658,3.99149651117116,5.53101244678434,4.55028808029922,5.42783223872906,4.22970668511571,3.7206492845216,7.24882841443229
5.80741498919497,4.30734047255509,6.66450456071618,5.81191997331419,5.06980221381033,5.81159861829147,6.04517746392731,2.90555386545632,5.90227344687541,5.16576518605874
0.338130107771767,0.608214658884628,4.65153462294302,-0.075456398602797,4.31616691174091,4.61557544325357,5.13095194550141,1.65791119957274,4.46506929968767,0.779835062222592
5.26660596285612,4.17751166333746,4.76110871634893,4.38614428212114,7.26049894753973,5.1933992174014,4.64500742607507,7.09538101080576,4.2735114111886,5.90534461020824
5.01814877635199,6.11549113868558,5.78258032782718,7.65911742202563,4.89067438441757,5.20172076913695,4.87664008085862,6.77021030913983,4.86839723114378,7.20642333411932
4.28030201937129,4.14524810501118,6.01381904146685,6.22076031083267,7.39348954612539,5.21250525138767,6.55293776456407,6.51085350201567,4.15847924358661,6.88823655856207
0.0879815633008607,1.33140151637905,4.47806082825056,0.464791143915047,3.20454184541926,2.93843143299756,2.60308502329092,-0.701850976853591,3.09973784629859,1.18434313003437
0.835058595534159,1.48958811141943,3.67725818890476,-1.29226574738049,3.97802835978066,4.12343006723777,3.81463097911079,1.62610235932186,3.80001122235314,1.56758109748262
2.39922709008404,2.70559274729386,3.28889812758432,2.39813717305829,4.05717496578813,3.41290450099189,2.70904025265188,1.9963353636041,3.82643295885963,3.07993289380026
6.30820398916102,4.88449738518042,6.17603057922348,6.15555695084522,6.18756804263522,6.54900694255362,6.84559821511986,5.83961234324124,3.21299957302806,3.63157131854644
1.57387490627873,-0.141357698694297,4.0449388902441,0.0317413689681059,5.45207963323968,3.06561794554123,2.60123239492834,0.749960763683528,3.92536156317748,-0.00938095657167137
4.14302324563809,4.7609904092942,5.21407903296167,6.73763583679801,6.0778169003332,4.22207448140192,6.13577111725142,4.84462319421444,4.53707675922829,5.82844293550207
5.47972168143757,4.81461136800486,4.97195335937629,4.81550122266584,5.12490573607477,7.14175457620424,6.47252088834647,4.79672963018146,6.09543033360207,4.60780665537557
6.55574084439111,3.32911555268776,6.63093480852319,5.61563352164237,5.88150042578585,7.37934305655845,5.23725147633209,5.80592719600012,4.64355147241069,5.50064191627809
5.05674739612736,3.06585641755355,4.72297826166627,4.96576473377027,6.41702002120013,6.17237196561707,7.17198354107983,4.1318116541782,5.59862688700758,6.47203717194844
5.36048419184469,5.02232921395983,4.34112904068697,6.86217185745577,5.20815361333405,5.46910736102708,5.90814558560923,7.22056402523255,6.72202411584211,5.77206058345192
2.67158650470314,3.79453068146299,6.0799957308806,3.824629075777,5.68458478986447,6.82883344664809,6.50671168696397,4.48416376214511,5.40665957220965,6.50366618476204
5.48500411717572,3.68465966211184,4.04003848337166,6.08546736836751,4.40751374326497,4.73436014304091,8.41244207649325,7.64519651161299,5.90520569767402,5.26904399003876
4.26017831941184,5.1927059407857,5.96043722576129,5.84002706032864,5.36248252659128,5.2359649598335,6.42301456129374,6.06349263502412,4.14585862203773,5.6337538090357
3.91992023507933,4.501253684457,4.950381492826,5.60900186986109,6.3424928647786,5.31704582267748,6.44221796083425,5.85826877732669,6.27350030930861,4.67616513111609
0.882671926846397,0.0537588674435756,2.64509800847688,1.6249390147503,4.00111111691827,5.20186654522707,3.95352921179746,1.22950632952119,4.40314173644835,0.550929785232001
1.03863646296842,0.491675934240602,2.74649274467973,2.82880616342242,4.93601232338874,5.40332555093657,2.07646434172149,1.2187623241782,5.0254512594484,0.672807230493729
4.16491429339537,4.95675739961811,5.31018820966574,4.47684669248243,5.57866839072646,4.19777142268113,5.28892663479546,5.36916629263266,6.99922955403318,7.46828120630252
-0.571787729156536,0.690308500445883,4.15410658768433,0.515792937747289,3.90741943798977,5.00370629585211,3.12241612969676,-0.357479142850208,3.51132305018068,1.43832890920897
2.17589067622553,2.69318875929913,4.55363582177312,0.362127228557997,5.03217758151221,4.73643476236859,4.52893402400023,-0.477423156123254,4.31857717637163,0.341984177493518
2.50363053243895,1.60383886693012,3.83317088181138,1.21306373550019,5.84602386835509,5.78967884669714,3.34016735082858,2.62537932468979,0.264687996214724,-0.633462139432415
2.43395296511662,5.39614958033539,6.25079877599178,5.13386619159036,7.02761182856721,2.79252864022111,6.91384302696942,7.87519554276634,5.18438668378252,7.52257013980102
0.556472392587556,2.5764509823297,2.73053119452867,1.90933344314588,5.46441549170261,4.31363161505216,1.4649891044259,0.259522990217332,3.52257755278482,0.852182752213597
3.94416488298255,5.27915059072289,5.33087981120397,4.66624060790646,4.36674347243984,7.18098647166015,8.01554864370106,5.88084541974387,4.7535398226542,5.49155228212032
1.39534471475669,1.37854227725626,3.12241088538483,1.19587710778735,5.59121820987753,3.59033627806833,2.19950033212753,0.715571234868741,3.7109637312129,0.351740698796138
0.998404924159075,0.427624166300759,1.98884353585883,0.745821150663263,4.94167839079351,4.13222525048444,4.56673989318715,0.249758350685604,3.3815175673636,1.16425795601321
5.27894396687385,4.97133578616356,4.99099494606005,6.33835339304687,6.50264997412262,5.05183343154116,6.36149296673068,5.43640714222707,6.27996844379038,4.63946742567535
1.00112331300115,1.29982883510631,4.59891494591352,-0.787489416335438,1.10746163219375,5.76412232073181,4.41411189931113,-0.1837111726738,5.74218972462404,0.73762032900789
5.93004840086585,6.23188052135283,6.58200190087558,6.57161619733352,6.23815156880158,5.44337867548465,4.9613883706386,5.56217193685556,5.89605387179691,4.85618750096268
6.07618320671335,4.80730349780601,3.40889219453052,5.92140904758651,3.8421209939995,7.41855484467726,5.12636210087422,5.41614426873913,5.99648800329862,4.96144086052879
0.688052099945868,-0.318395672472998,3.72792510157705,2.165793688532,4.45041019623367,3.29432279704015,4.80723102896739,1.28702200178501,3.45584714570244,1.23792803610772
4.78892716542164,4.69103605010463,6.34645871465619,8.29805049820922,6.67488494282918,6.55078298042081,5.28199296145296,5.58713078811759,4.07385721653374,4.21996801135366
5.88951812736866,4.76989603730058,6.77931498302704,7.2848928333429,6.38826784349681,3.54207957547715,8.19312552166613,5.88357310428818,5.90189417606964,4.87298010046135
2.11163317335718,-0.145447980685891,3.59758797267968,1.88620092142371,5.30837687256018,2.72785743603931,3.51803533222958,1.04170705794907,3.4418648302173,0.747341747688368
4.08435203467753,6.189579411381,8.06434672811111,3.49052085012394,6.25955246133112,5.8173267170141,5.3121845883248,4.84783292671036,5.8359494045125,4.94223786929647
4.83514897452385,6.40957487791929,5.75374531386536,6.40969668213943,5.00086953683896,4.49681482784323,7.08344805155982,8.07727596467123,5.77406987475519,7.20661251485072
3.50905898637325,6.0097099510876,4.95502860372262,7.12973937638115,6.04758995039507,4.79965168043594,5.47893666279232,5.6286410131774,6.95761071327525,5.62928146611936
1.40475454380206,1.31282214116053,4.47266417704741,1.98544568576053,5.35462377013257,3.06648394675588,4.64123704413091,-0.693767777287795,2.02783721670347,1.71492061638486
-0.0724178837489609,0.427757522306178,3.80531859113044,0.119792756897497,4.04986967594677,3.72605027236757,5.74015844874177,0.829505911163511,4.061535992051,0.724249269815353
3.03399086306417,4.82012417224427,5.46619752356456,5.61328639971057,6.99791351176,6.19610518884614,6.62503175901984,5.50784513437661,4.22076738194815,5.93263967834406
-0.259322145055094,0.909192689743897,5.42194917823681,1.46925382078402,4.40730023532177,5.01678652212088,3.1883197888627,0.752030682048499,3.90957091294225,2.06880013095287
5.35301957736967,2.78916908212426,6.85572198946464,8.15243691638182,6.01945754975648,3.60521752712891,4.33156656199478,3.68807465879897,6.12102991739439,5.72395333276867
3.82068377886056,6.88723233012556,3.59337462380568,3.11158378046576,6.09869699437716,4.37214789256275,6.66156222052812,4.36320484071851,6.2012289450485,4.79615100572887
3.14081778853726,6.00949623435289,5.68847100048671,6.55583763681923,4.86092746724002,5.04035546112965,5.26334969937207,3.68734669667366,5.32697481767444,5.78872168624556
5.43322897179263,7.28910457839198,6.67583839729337,3.76028108175973,4.92659104605447,3.70562579836706,5.93770949641478,7.137373937232,5.65462755105916,5.89921821201913
4.32146081940382,5.77301173354748,4.0950604001349,4.75645368037593,5.76067972916753,3.83973807318614,4.56223399129507,6.2459314303044,6.88062039727886,5.76785135050063
2.36159800703617,1.52440358018148,4.64746135320606,1.60949716191843,4.88613912584283,3.78462004721777,5.06738496990884,1.34939582272524,4.60064651328741,1.42196933737026
5.06683503336922,4.99153894302294,3.53301062241172,5.35381093957298,5.80076977291167,4.48367705409278,5.18369939012928,7.19947618437249,3.05417095568051,5.34470463853785
6.63864315944298,6.84894761139766,7.71411781918002,6.28546067929212,5.01316680134367,5.47478776444509,6.79090845960131,4.46250180130742,5.16269747625593,4.7395794841242
1.21947389703669,0.091637057876477,5.52111150595517,1.93934316510361,3.82249331749153,3.78712684043077,4.97906154701525,-0.581568591841916,5.28713553723843,0.739889621379305
0.0285141776564294,-0.404656123952685,5.05408060233183,0.632826811507144,4.46968244252457,5.90984208694124,6.44583221423949,1.47587836831382,2.82003705907893,0.658334412153486
0.311167356564867,1.43123220122812,4.74057031472349,-0.172140678903797,3.96827050395601,3.02790077725948,2.52450950270737,-0.0420805384565224,3.8784797531159,1.47408193018391
-0.51078277370372,0.850191360176141,4.88566519400036,0.465961427093019,3.65045398003089,3.59249937541831,3.34410909346505,-0.78891100321546,5.14355359591081,1.87209653523252
4.05672451136146,4.99931002301512,9.21774147171427,4.05876947040009,5.23474091064191,5.54295745112651,8.43723981774788,6.79576713715838,3.83542700120331,4.06453518377142
5.04178349559536,4.09649850969115,5.13005997626433,6.78044791586389,6.43145354112556,5.6562126097967,5.50230749069396,5.47327115974697,3.75671425784869,3.68412557807872
3.394437992528,6.76066312914518,5.19136512231292,6.19447023500422,6.26576486806034,5.91025051578965,6.31358696370204,5.6772323504907,5.97408008815268,4.29770320232311
4.4896760478132,4.65994994048631,4.95842031915418,5.77471700765397,3.28606263547823,7.41700024477385,5.97475399726636,6.52237152166968,5.53325475665068,7.41102734369651
5.35569944103441,6.71832963501423,5.24833976758354,6.05423159086631,5.98294791091192,6.48493747456864,5.70755406616641,5.56214779264051,4.56454095291043,5.06845196180155
5.13707829095123,6.60076278457569,5.204271770894,6.31848018126504,5.12067538733266,7.26755205607572,6.87354514346472,3.84717292698182,4.57201316120322,5.52136166015134
1.38047301754027,0.989169743245092,3.78630349009483,-1.14713985937854,5.08664863807027,4.39533350008188,2.1895361010812,0.156392108373431,2.76868369245335,0.734427243109903
3.88808690137917,5.13823941303075,5.04470290996411,6.19855085328836,4.85996176945655,5.99371570413128,5.67539904224582,3.34767110286728,5.99106006417427,5.19942182589112
5.96994493489043,6.67852548855666,4.13798703284969,5.43513619968728,5.06277548772969,5.86943538457892,5.60577290882149,7.60224251622013,4.96740611515856,6.02303001757337
6.1795902289274,5.4788626194352,4.19104853683539,5.57727276460969,4.31461879109318,4.79585099827208,6.149328986857,5.54953219794808,5.17966197307637,5.1542672796238
5.03513515101201,6.87165991420746,4.12033108756938,7.46317686972762,3.59847248287305,4.4381213815781,6.18688395230107,6.13459828663354,6.27924511366809,5.17886826795044
6.6549943534666,6.69726016558493,6.67279782647325,5.64665563920832,4.51138448500339,7.0621597787468,6.01152266135993,5.38267434163863,4.71853724381532,4.47972157961198
3.17251100709687,4.91677625035985,4.93994078902846,5.27242165910371,6.58730501013136,5.5143307042455,6.72398271867211,5.16711080817441,4.50366332486909,5.86497784989082
4.04426400385802,5.29828125838092,4.96379655384958,6.8129554409618,6.47369903026574,5.5307773934724,5.53841566660455,5.37839612750565,6.14244369216573,5.18898648067674
4.21796080501622,4.70177452879665,4.82481227306676,5.77836657501935,6.67977687880494,4.45873089921964,7.77672113085654,7.41518665506015,4.77913594083326,7.33030869167357
6.48091756535082,5.45457423065446,4.77373676350169,2.92313396566245,6.7119338921108,4.22636554388543,6.37232638761296,6.17877532088044,4.5248722054584,5.14459480744482
5.81462027636953,5.37632512379727,4.71149184699906,7.84436360896179,6.19027029886386,4.41413502864918,6.60258417128072,7.00112215657679,5.9440739494355,7.35151196678255
1.92688584130769,0.809792732042787,2.40701623514594,1.04163104050397,2.9843193634911,3.71142186076113,3.91488394595528,0.452181453013776,4.26492938348195,0.879513122014993
0.491457634255442,0.426591183136042,4.01695866024536,3.54097110466049,3.73090897085655,4.49834422556747,4.32112786498427,0.617199803059134,2.87902271674427,0.366430008558366
0.547792338518825,0.296508635218993,5.7139954202697,-0.220465769346498,2.34354545748416,3.84072866742028,3.99780048193412,1.1440534097455,1.36860055068289,1.35445549206196
-0.671227887868734,2.40813176308833,3.71146488530603,1.62612907726658,4.03511732210073,6.3155797909272,5.42602631021298,0.949571857792974,5.19423692721779,0.300132628580355
0.648734876558148,2.9177559763841,4.75720034746179,0.321160527559498,4.19604042132159,3.95195681241976,3.9573933507409,1.0024999818237,3.79304846510134,2.2048535169665
0.585418262375717,2.32098528205102,3.24838222917782,0.0374942354759441,4.02471680738035,3.06676081509423,4.74955937438923,0.891085734769656,3.92896049336502,0.447460617767968
6.17675149772772,7.96349200908768,4.5771590429588,5.87204310405867,5.70515964226145,3.85950561053799,6.06648265737583,5.97692902092837,5.1351769181301,7.01398509928235
-0.449448571097912,-0.30946209632661,3.69044969580775,0.85332132303486,4.33801929850772,3.08730521149914,2.49916217567823,0.984797784359681,3.73772806263119,0.849252213193717
5.6470360777261,5.76910786223145,6.3322680978845,6.12793869442392,5.5831953687825,5.51634713928806,6.5127504793543,6.1233717521534,5.70879571530368,8.4449666183176
4.18377205672384,5.8839479222525,5.68222222529912,5.31703943800222,5.83367222929204,6.36006620324495,7.16579055528256,4.63697650616278,3.82764375622877,5.44864583296618
5.72856227112303,4.6179434248752,4.86886478692122,6.97018659113189,7.45029762432168,6.56766217834641,7.08410173373786,5.19561007688313,4.15631086840215,6.53467141858413
5.50948248185303,5.47567823221644,6.98046008367767,5.840090428074,6.24244342994433,5.90110831936534,5.82542797798778,6.51363520041521,5.03466652909239,4.46492263967195
6.21960044604716,5.85557520541546,6.15290978083295,6.35025747214215,6.5134554187674,5.58619730018256,6.23111704890308,4.61677146541427,6.91642636008991,4.49578453808335
3.96052831029758,4.09985342666242,3.42534688633763,5.8433630079871,4.34411400252339,4.46754201413903,5.05542476601565,6.18729471325242,7.6497467708435,5.58901093318216
2.25732498956591,0.290106533467762,4.19420749990129,1.49978878741507,2.93485223463358,4.98648734335215,4.68514961369894,2.95390196691451,4.0228352537849,1.07555705502973
2.97999189730528,5.03469505671139,3.49087113922461,6.34267380990858,6.86794085161125,4.43903736330526,5.10190686911615,7.97045119644202,6.67879321247319,6.81196527448306
5.35945492996609,6.00190695115861,4.36155632131874,7.17376387857129,6.76123489893045,6.1191876464446,5.32149193707057,6.28051450586179,4.84905178262999,6.2869149083431
4.52857424459815,4.66882157465895,5.97141523015375,5.16212348787878,7.33448574628818,7.18542458165129,6.93919946246805,6.92405896235271,4.28294965661828,6.98046475377047
0.445015967828759,0.561050950991898,3.82163193021512,1.86057329554745,2.86293208757886,3.0318327411646,3.67527819666361,2.44375919210539,5.20523970262921,0.415364189184334
3.94840432796725,4.00003265837136,6.00171635846533,4.90621546931959,6.6048175238938,4.8650031138535,6.5305860969882,6.23260910422296,5.95088502179052,7.92519772471356
1.24985165919426,-0.887753943933658,3.56083610458297,-0.419587253017245,4.63688300364391,3.7855690484847,4.15057645893227,2.20737147618567,4.19649253861548,2.1721431862677
4.57256144186196,5.74685054936469,6.59860813399458,6.17746310254928,4.74915616632877,6.24075561587452,6.77131511643812,4.44065368717515,4.57736359458497,5.02559102539381
5.81132307172423,5.35074335549503,4.822028132266,6.18009066151744,5.22724737231903,6.13726645384232,6.51766571006717,6.8518006020774,5.9469685557968,4.63542424271209
4.75672617379979,4.66465342781212,4.9774415145872,6.82161041427003,5.60594304389311,5.06667003134923,9.08415774554656,6.75401386990518,6.97740874686056,5.53101975357799
5.08756428671227,5.43521260151297,5.8653287737169,5.44913085965069,7.10411154208952,6.34539888083398,4.05621486848029,4.83833571766083,7.12579306854906,7.1235858719523
4.78670725271114,4.61439831065956,5.07788455761196,5.72387691006681,4.1861188969864,4.12940094192261,5.02219701988984,5.87302942100491,7.11744093587579,5.92081102729113
1.36414607813304,1.6613821682287,4.75004770853948,1.47851811482487,3.69778089341534,4.43552826301299,3.56069147418835,1.52062111677375,3.06522971611652,1.53419730569561
5.86296485092066,3.69494804379639,5.7258331976648,5.20370129853868,4.78769874601067,5.53539244860209,5.04410785435845,4.51274133213029,6.40927021842865,5.37590886914735
1.06002736134682,1.15166107535774,5.2879198157603,1.28483195966302,5.21237302167864,3.88551474384858,2.75384240597043,1.15691106131705,2.99244138492225,1.8178201457868
1.66325198387598,0.118437254853318,3.55971497307592,2.55675442590884,5.60041535119888,3.74400366644433,3.50230961946607,1.64708098916537,2.36686178234081,1.49700972108293
2.47843295735992,-0.655935474284775,4.6330391043352,-0.564837363010797,1.45096500740878,2.91039132466844,4.03266042568941,0.0989231382493772,3.02307582447133,0.953929848149642
5.65251025668928,5.01823942281103,5.36945398446832,5.37161049325611,5.59087170349524,5.07686636774942,5.83277451493266,5.4624733744503,6.14351606299501,5.9279108294188
6.4039782716257,7.06471652380484,6.74053677427648,5.45398142423806,7.26987576957773,5.5177501004746,5.47097039170206,4.64125215698955,6.6046226814062,5.02043109349974
5.73343001756354,5.78726979413864,6.56264755436965,6.36755403293364,4.77574364343957,7.30112328718387,5.67854939921126,5.97063840020864,5.78582512642835,5.40297932333027
1.12423688818054,1.04243094455612,3.35552780254396,1.29781154218815,4.57777039020963,5.22686158136065,4.36594344334492,-0.0969260281405413,4.22341807772591,-0.11895294868191
0.578001423881911,0.0669838788641794,3.24607367906428,2.62453666306763,5.25097552285148,4.64633883490843,4.28176985538286,2.20564309445766,3.81108446185144,0.700649650043242
5.93489046289736,3.79108460460694,5.47687708119344,6.42552355262407,5.82003715320968,6.34607289763018,5.10004325027318,5.87245585429426,4.63224534397369,6.13056964899533
4.66881335157797,4.93680226360987,5.07670897597633,4.93346766238343,6.13146677495726,4.88521191154182,6.34749787489215,7.90171445521388,7.67928490140361,7.06077542590578
6.63064734622931,5.86352340642681,4.40531578375969,5.9155575103034,5.44745810846752,5.53913434037545,4.35947357085438,5.2701950321968,4.60128272464245,4.43175677869714
4.02998394272566,6.19281452901736,5.93961431098724,4.9268025124927,6.05056444726701,3.46163446021956,7.74780842489629,5.36527371258971,5.13973143210947,6.75284426051296
5.49824594844521,4.66379455695981,5.47076918836445,5.86423931144317,4.48577719191881,6.68093707671074,6.67387571702151,5.12118252824765,4.06757772320609,5.67118309800369
5.87037325619966,6.43024466159316,7.13630221026037,6.50754922820106,5.39285102375709,8.29843425245605,5.12041497730054,4.90622403290684,4.15696598278334,4.71246230399804
4.94302946168751,4.90963906164804,4.67992128606112,6.33990568587482,6.37721894530365,5.36507318331546,4.43635444583929,7.7227775394219,6.28410643621662,5.9284463167656
5.93631562714136,5.06134301494033,5.34031878819511,6.50845457479146,6.08864333174009,5.71799450601077,6.76360291649386,6.01303174135183,4.65923694794238,5.96998542546559
-1.31592351817953,2.03360032016034,5.68519960202695,0.277230031487966,4.05064782722155,2.47452509623256,5.44016481594665,0.75547463888426,4.28989703533235,0.64603854831436
7.23920135729364,3.79254426764405,5.39033159535281,6.6615367356529,5.34798274295429,4.0127692193238,4.71974767074166,7.10279892225348,8.40930831743075,6.35410051062956
4.23317800266757,4.85823311856583,5.85464818549304,4.81778021509476,6.21107975557924,5.53084556532858,6.31168844066433,6.6533941954628,6.57933966327827,7.45589358581556
4.4845658123756,5.86823188316825,5.05756844187807,5.9835680254118,4.67080163881422,4.35830012409111,6.25361816028821,5.84316206418566,5.95976530116222,5.57094523346237
5.4689480881371,4.54316434919188,5.05042418110923,5.28999646957203,5.4020153406522,6.4859549183938,7.87130929562052,3.11534520904876,2.74529501794392,5.73665783676823
-0.235192622350283,2.48442693258801,2.92581438135124,0.55523647884952,6.78031235537662,4.5282299825118,5.49388563225869,1.09778608609779,3.62679718725849,0.30610978079416
2.86811036265797,5.67555051884405,6.74951721569464,4.8337702458941,5.92939605253616,5.12806267270369,5.17706516916078,6.11173949031637,2.58112358555335,4.26703466867299
0.920644940872079,1.97474095237932,5.787798734539,1.59798850572838,2.30235172213337,4.47824176257434,3.97269614365682,2.06495096850505,4.41337975083414,1.08204319003165
3.66458586362166,4.47469264554442,7.4565763767383,5.36392760619896,5.84323783616466,5.71547650072141,5.90495236022853,4.95846885931753,6.56819605366633,4.33043626375671
5.78730721185118,5.34890399007462,4.5109305769883,4.68626321743224,6.55404319185623,5.46741138081957,8.06635414633664,4.05251659927451,3.98045913407404,4.59909888135342
4.20198622828249,6.04914329239842,5.27142200363753,4.73523852681014,6.12498782980542,6.70284642511667,5.93637478144039,4.5063823382681,5.12488159736879,5.42589686992334
3.78825820223072,5.41630217986119,4.11927483926941,5.93683646196996,5.78055397292215,4.64285309793876,4.78092974319488,7.14795013647877,8.92665734600249,5.08336040668728
-1.2792195849826,1.38670071071837,3.80083161316312,-0.659429265553063,3.38662413550176,3.45946927804301,1.87750776372439,1.83287086229183,3.94454374780761,-1.00063398015399
5.68838967692762,4.37403325867189,4.40395489511545,5.15793475954518,6.95561315450643,5.24251475556663,6.65198663821998,6.74618539880068,5.24737815078965,5.85110851380117
4.1221904981301,6.11329752232752,8.1349740280877,4.7508416401717,4.81075084835577,7.0049519180482,6.96572892965854,4.90826844539165,6.7140094802811,4.45610352849058
4.33226107461638,4.50245871647274,4.47478340202909,6.47210658041063,5.7148587516014,4.24253057982404,4.7269733532963,4.42613608335849,5.6704985187377,5.22208242376157
4.84194544683209,5.62801107815116,5.55462320843567,6.89472616872786,6.23758520663332,5.20597067991275,7.08270340646974,6.63367599797634,7.48005446014024,7.10029809334846
1.424232788028,0.567797658747465,3.43323448917908,1.31338961937215,4.86543374197105,3.50447553358358,4.1995370085058,0.596817864297551,2.98076220693032,-0.40709911441437
4.59069679258409,4.51989984966248,6.71371536779469,4.81361289562452,5.97135649150871,7.98400572516267,3.85576775358639,4.53128414694166,5.58597546807778,4.70880052973094
5.77613851302288,6.03934377893302,7.51298700558027,5.95468142624601,6.96365793873291,5.42502781845389,7.08659492300598,5.1347096102854,6.53085282699476,4.8871283403352
4.5645656788417,5.57903788373788,5.40811153679031,6.51128581239149,5.27356020455914,6.34700003023171,6.11602234919267,4.55359550637904,4.20045321339258,3.94591822407892
4.84365412180576,4.24848418064164,6.15725568928449,5.61191421209309,7.96020358181084,3.75011583479918,6.30520699027429,4.50704082057524,4.28993680939987,4.36637118141225
5.02781084823598,4.24926817491359,3.88033185547806,4.67908771407551,6.0335818688607,5.55041297373176,7.05862898234118,6.65291810122721,5.02026936728765,7.23248402402113
4.87197138638983,5.65890135452266,5.85149121375872,5.4429193518363,5.31722681207239,5.52363402510182,5.0467984011191,3.18706368459989,4.3758697221689,5.90520842699932
4.68897901702646,3.29365563373648,5.53368649032151,5.19304298229848,6.15631645276249,7.00443386682487,7.10213612969484,5.16225830942205,5.26816171417739,7.59544256983073
4.38691123952127,4.4061960070677,6.50654126103314,5.13193983356927,5.0602761542488,5.81334311389613,6.41939392815647,4.66769978751034,4.42826412054313,4.40653131165262
-0.153167869391088,0.658405154478762,3.65905789612085,0.996498563017433,4.47274134262865,3.05758273298884,3.20634073159294,2.4092757224425,3.39140761574712,1.09765130524828
5.12695330631532,6.73420193557788,6.49672971241368,5.64115473840531,6.16078711497864,7.36341973120818,5.02197710154908,3.3251133064675,3.54509146436366,3.96327965336776
4.46830612935522,5.12131847434063,4.09539961133339,6.45174454586759,6.56859165472623,3.02295930159253,7.02780843535006,6.12478554367565,6.61270028216772,6.56954711875388
6.18129798287491,5.83209706025119,4.4951243811349,4.13118161249194,6.55998036021255,5.61653055106178,5.94816964295804,5.09027856536769,5.58569751874365,3.51453098345211
2.92015898757632,3.83224344343091,5.24697835386225,4.19997231532075,7.25807724843285,6.64355812557724,5.64628537414145,3.06801137343761,5.12720848635943,6.24186514528569
3.76891988986666,6.44171367170416,2.97063647633384,5.47346947855709,5.16615353633099,5.08022941287883,5.9635468607012,6.05256607523117,4.66385209177589,4.71039057969312
4.11531382327488,4.17490809927195,8.26368377509911,4.39738054943862,6.62151716741841,6.41829809753652,6.5530213721797,3.35482357867148,4.79104561855048,4.59934448526298
0.0167538094773433,0.212860944545326,4.29820451900137,1.31455432456706,3.84564564834899,4.76808776657852,5.46356458558384,1.96531455561051,2.5725448385557,0.417417520669232
5.44411065332648,5.13818153875412,4.2557985180054,6.21193101251432,4.02024909152629,5.89418254887187,7.17720789425204,4.44057396186244,4.76972860203207,5.1491482677032
4.38745013708713,4.83963109776324,6.54199133890217,7.9026521267045,5.18076539733845,5.39171714606194,6.93812060201811,5.68543268613461,6.42514414815354,6.89996816387018
5.99900461754197,4.51144243989311,5.9811022737904,8.04290394225352,4.79709987058225,7.63956836004341,5.12973318347729,6.39606287712785,6.2346702758809,5.02459951840185
4.8219186473687,4.43533298322948,6.84549801824725,6.05441108256177,5.17449943634625,4.85263707099238,6.33703404144028,6.37232496364298,5.48951906208406,5.32970844534177
1.55107436940952,0.723911969408087,5.02425428427899,1.11815242034849,2.36931667388963,2.59796357558908,3.84374479934436,0.200417368434388,3.62134822134727,-0.634510720674458
5.36679190444965,4.48209207097723,6.76311521497457,5.53548262414396,5.93455272122926,3.11298931514006,5.1284278613723,4.02837775636094,4.99841952160665,4.89947914038498
4.66442283085802,6.42062528364511,6.74817596029845,5.63487114602125,6.07123937717519,6.43064552100773,6.01771451617754,3.88830481935712,6.55624029913344,3.25500383795053
-0.86499802002922,0.791289302818646,5.10084185122132,0.563943170292555,5.09025943612315,3.57331859016296,4.54305925174422,-0.236824382389929,3.01022380896634,-0.670375691329061
4.42321293237511,4.22661480953012,5.53738247622189,6.6834463830765,5.48196861051641,5.65447973448254,5.33003463938783,5.80375306070468,4.0553775663095,5.28882541011041
-1.40702483073258,-0.0915495491441112,5.27975690631685,2.0591296455613,5.73832854151601,3.94677616635154,1.66296702246964,0.163456137658703,3.8325684233458,1.68557028538973
5.32303393840814,4.44862843107169,3.07938373273776,3.52041481321385,6.52326714186673,5.3204985368162,5.48926279781639,6.08652954374488,6.90643041560144,5.64682741149084
5.99936711047555,5.36889209268752,3.58958259869735,5.44521966240076,5.19357647777755,2.89057282761993,4.15325677531975,6.52324764644448,7.33246751995416,6.84209523157474
5.30741878225923,6.17696587333396,3.27752164117486,6.71011655278669,5.57394179665851,4.47825372064408,7.37039858459981,4.61633945030091,6.18064489783898,6.27908547286396
4.61312327324737,4.62674545078935,5.4746897380073,5.9115205588811,6.54257542941514,6.5401547011845,9.45195346717077,5.49641951792018,6.85231065802969,6.70337133937637
5.81140427148172,6.00262276364762,5.03676709733143,5.08558830719478,6.88004348434657,5.94825395990935,5.27831350477716,4.30779546396503,5.26061683175853,3.18762025982632
4.76604084092845,5.1873185613564,3.80210007032702,6.19360081783477,7.17010847051378,5.23423392583187,6.10838635804374,5.50480146380352,6.3844046626451,5.99990409175004
6.38772808272014,5.46585704269285,7.81633579960585,3.95416034399464,4.81356408066368,6.13489047676616,5.26655044062096,6.16764611395849,5.68876489475904,3.9719819132525
4.06273416629281,5.49857859584432,5.78696355042953,6.89615770538062,8.2291953671622,3.5509223680166,4.12138796459649,5.66744313946515,5.25781242565889,6.5552855585688
2.32733752794242,1.44818239531811,5.00287935083123,0.655582196613058,4.71226447183775,2.43017222606477,4.44267551234741,-0.470166207531008,5.32383450784494,2.30158850692337
5.57944406073925,5.03996978180188,5.52247560768062,6.11476731610698,5.85414628918574,5.87591415870539,6.10212797742382,7.08534150934164,4.57012392132453,4.21309552959625
3.66232185587538,4.37081403138729,3.36855143538447,6.61587720174955,5.92943764467437,5.90116736559562,4.69308249853839,5.90232890101861,6.36152326804343,7.25976213967438
3.97100985768073,5.48703286478127,5.62437853030193,8.12219408787902,6.68145203287351,5.33009700127053,5.19744065209974,5.95288045216275,4.540583595047,6.16551595275315
5.9216559385663,4.03742415862846,6.28465804408973,5.0588549538338,5.01290368542343,4.73461158488536,6.94164674264112,4.59564241906176,6.25230307321218,5.87488006054125
4.27902557855768,3.69036791382065,6.29730106443309,6.27124198819203,6.95600868586702,4.93063979917116,7.15534799490046,5.00213500109661,5.62233521695434,5.56550908206016
2.41490308720653,1.46051894664166,6.33442434731133,0.741870052804564,3.52208573539847,4.45813883673814,3.93276213113315,1.62185780089124,2.81796182864729,1.41810323275452
-0.908208905585026,-0.404252148406066,3.22262927945907,-0.17941737238095,4.16072254976142,4.31745254510333,3.40658399094258,0.591671995390378,2.83013554116401,0.56081676684128
7.36958149724878,5.18866302363273,4.87695401387488,5.79048819321567,4.92921541259564,5.70537405478279,6.09066350960717,4.90599882220416,4.93283887151776,3.99974923849541
4.0377562956075,4.6193567870599,4.60978548039822,5.1282470189054,5.69528856651889,4.97567844102075,6.60706570669671,6.08016464019595,5.32673887022661,4.81030614952668
4.20328031184871,3.87440365438017,5.83490660728577,6.25148113914634,4.79957553987918,5.64715919361579,5.9333716224932,6.44330847134957,5.1403424651047,5.52018326296017
5.02080139307989,7.43629914476762,6.129584495009,5.94046959796374,8.28627971693834,4.66113389799918,5.30940090568792,6.38671739523131,4.98948732780281,6.26499352896371
6.27402667482557,6.8100994587952,3.90417533702971,5.234667455783,7.25648081810815,5.54942486038167,4.94712800261463,5.38650447109954,6.24026630490071,6.17527367058199
5.16803457593902,4.61092627050514,5.6350875343923,8.11141202766332,7.61978359988023,5.86913006176743,5.75872211037819,4.71496817090267,5.85192587480192,4.87475547247467
5.20594822438832,5.33315015865607,5.77544655563846,6.27127472726649,6.59407750258078,5.00768844869497,6.66123097427085,4.41061857225474,5.95767156353359,4.32808127339708
0.517542101626338,0.251988061771088,4.39986926865934,1.20885450721081,5.67851444274355,4.85196072702703,3.87341982491768,1.09712528814218,5.32800400630017,0.494437196987147
1.18003118571947,0.504117711182646,3.9093719304133,-0.938406233678318,6.20243578907327,1.81503598124386,2.29411634696555,-0.233787642655548,3.77896772041466,0.375258921825342
1.13138206774168,1.63591745934829,2.50266980060816,4.8517579714833,4.09795863616191,3.76055029839554,4.21289097948724,-0.799774498099826,1.76118202701847,2.57124638231098
0.0596227526814751,2.00991801293416,5.03453471167887,0.769776663732618,3.81743512922367,4.28590472507432,4.73143587622918,1.04443761654169,3.35347324116744,-0.173656538266225
0.91422088105665,2.93783854165727,3.69797532257369,0.0732111484942595,3.64583400640515,3.86161720888174,2.5828854779442,-0.338954435356625,4.69448508311763,1.21740506886496
2.37459925253031,1.34093759423337,3.98316090354669,1.96689304592852,5.70613096372459,3.55410831101984,4.12038255895354,2.22103712669075,5.82554013141794,0.26724752444625
6.92014358737473,4.76672531365698,4.89538221637331,4.62381235629552,4.36394501281796,5.90364132389051,7.56203951018404,4.74040396909884,4.50593074961625,4.73218488128473
6.47361198815925,5.66151441530468,5.68526700012817,4.99082323838263,7.49604218421803,4.71674233707559,5.77876736820271,4.8255262926919,5.31765963352067,6.52088315898863
3.8817518239588,3.32933011090599,6.76798223488883,4.94472003817536,6.06016232909342,6.25477227556917,5.43506008312007,4.05298322761867,5.94492551511373,5.15472129910412
5.67572618948336,4.98065976942949,6.87460702768541,6.03551955765426,4.80547908116723,6.55338012162742,7.90796414379795,6.72367640089915,5.25375157582244,6.8356521787523
4.49624141366195,5.19307274384715,4.6837512383694,5.99569364189625,6.82225664508942,4.65752971945648,6.73856197199115,4.97185656871067,6.02800008806498,6.29139522596787
4.7742968176134,4.7368198550275,6.12709406582717,5.79252694291281,5.11076683035408,5.71402015439654,6.76384143065419,5.04462315798061,4.15626841409366,4.40225996785201
3.7213384324006,4.91330672518476,6.28325821013123,5.61422375390397,6.26861553729543,4.47333237948837,3.1540991786266,3.85623804346385,5.44769203353515,4.77112835515638
1.59532004855659,1.3323746152784,4.5185238102351,1.92163007276067,5.12797798334585,5.05326985604527,3.35067896854701,0.725480856476285,5.34419981183421,-0.711646795938437
5.11728518844225,6.69182083899524,5.2360716006179,5.71553061858011,4.82075143978248,6.83358023838632,5.02236642371814,5.06830887430867,6.02471575153572,5.95205689254453
1.90209470602399,0.735929200715774,4.21419174977095,0.0631080525779266,4.6644663793422,1.87731569280986,3.72048648348533,1.36259129555293,5.12542959835316,0.15423421588726
3.66412858679169,4.85825791881677,5.09832333410164,6.90101248473432,6.21829165376399,5.46552347608276,6.7867812177408,5.78860621135744,6.2356021718266,5.99371191892176
1.21851336485956,0.435204954514107,4.5769819171742,0.190224196344346,4.40563327743599,4.76010644353551,3.33895210198306,0.765240168041656,5.2701642507206,2.0768024477413
1.64415115004848,1.50238220410811,5.84514203523687,0.454937783971258,4.32488732501836,4.14015675710593,2.93122743502422,0.13264749865386,4.23667305217511,0.876655756997743
2.01912547691679,1.10643851580667,4.07321885501609,1.49512506930349,3.7478412475234,4.43411651990196,3.64263962443951,1.66399159206708,3.02397992273263,1.97537102993001
7.65366353192846,3.85415774903649,4.4072660413709,5.32005102968862,7.86572586049748,4.85564498382936,5.963589799193,5.76851454870439,4.97207695086269,5.55511224134539
3.76981122027333,4.36920391628375,3.7376194301062,6.96182386655627,6.16283326424043,5.8254213034443,6.66179685611856,5.59818063608598,5.73624045789341,5.39688267730679
5.11372385095605,4.61548584629918,5.28651095211381,5.90842225517313,6.24538283890854,6.51695799177196,6.75392970903979,6.41730324864559,4.96750378572602,4.91108998933445
5.07421703343457,5.72972032282389,4.22804625632466,7.97693955911005,5.6617653550422,5.58366782725926,5.55857730545552,5.24847662811961,4.47521298831089,6.2374185720974
5.52334902601263,4.99056520719856,6.08027507965411,5.80971838650812,5.50962791319834,6.33482924410487,7.01217608482921,5.40984402546984,5.6683086247042,3.05265993888683
5.46602472212736,4.43053064179035,6.43004901742002,7.70593365190351,6.05536114704971,5.39801888706361,5.12887365188644,5.21800609811169,4.94861768135945,5.21553248997947
0.986334162020703,1.665089888867,3.59383482855471,0.996143256071383,2.89072298172748,4.30652217334601,3.9636660085876,1.20089494177215,3.86695379100886,1.96276829496463
6.1052518987899,4.6892694979679,5.91089739727957,6.38709864513969,6.67464783808861,6.45846810130478,6.29327568212788,3.37196078518288,4.63071075390927,3.52681010121807
4.83913144534109,3.85132440099204,5.31289016053682,6.29086414287777,8.35458014277337,6.59427292623015,6.45990830583831,5.26110706558634,2.189518519199,5.70600942873611
1.67567316091774,0.569270214270155,6.13863039121155,2.89631570296305,4.67023883785961,4.06698823586068,4.09512018983579,2.14779734508423,3.6604420465193,2.12417852597146
6.38273208162505,4.42115032839952,5.43054628962955,6.32372869942102,4.75172651759084,4.83279339449626,5.77307547590676,6.15306445013956,5.32818341732462,5.5389652968159
5.52684688080921,3.54877879871225,5.58564251911557,5.58952726462907,6.11257315788812,6.07979435494394,4.91244225750198,3.48191712703283,3.04471287555478,3.69127716788556
5.24680063957247,2.8933518829613,4.62423656247917,7.07883391263135,6.78882188572809,4.23360951359727,5.92957396498412,7.53436461820853,8.11249988639661,4.84258748234563
5.70194057366739,4.15903055832732,6.91945406436863,5.81898371790257,6.82142792539944,6.49640028716534,5.11671842747995,4.66646119130612,4.56884472075991,4.02105382001319
0.00996372759158015,2.59533273710626,3.60571468308741,-0.0703952415776339,2.67354996073566,3.97671306062428,3.961449090607,0.795953694578493,5.07263428204717,0.962154314317862
0.046901436674643,3.24049359809806,5.02775196967762,0.952197885696265,5.40189014671296,3.16336012853498,2.46310345019424,1.62684078191887,3.13314436641266,1.10537533472619
0.155426043751749,1.2383440392387,3.91561652050156,3.14341412309924,2.57084884587162,3.5741605568009,2.82681552757928,0.351218945853054,4.73524617820244,0.491717703931022
4.41535551878086,4.25011211954022,5.42415664664253,6.64419379523956,7.07112529200572,6.58910129913135,6.93917600782896,4.69452636657835,5.23441795133009,5.04503181106916
3.94002960975801,2.62388876004717,4.93875105467115,4.92946010885792,4.63773287682517,3.80159401671453,6.77626408871445,4.08641016829626,4.7881891094963,7.95867311884061
-1.57643999492933,0.428770643532114,3.89318696796548,1.73130582058338,2.37584627266221,3.24839317983856,4.67241629408068,0.716656015255156,6.22097179987031,-1.59669668343344
6.10880556238048,4.35282280293641,5.960835330213,7.28331922386822,5.48200434926709,5.16585896860614,5.47126571515844,4.56462429293952,4.4443487613223,4.3791855369988
6.09700414749117,4.21366341876769,6.07653142786199,6.47365555381835,7.04442992432512,5.82040094015725,7.93524472912234,5.29927779716672,6.76579278302885,6.64810161290634
5.56235008598848,5.93180213279302,7.1967430957168,7.1310090482087,6.73648318410553,5.89515555722224,4.27394835200827,5.28433360652195,4.43021513486955,3.92526796419436
5.25356002310285,6.7010101637439,6.30501475860205,6.57432369713507,6.42511560950683,4.97557460322843,6.80175976213002,6.4083898066401,6.42709798841232,6.54314173239669
5.65281918745195,4.60907593316884,5.39386325799549,5.61246582570402,6.44562190048378,5.28710199093249,6.20407606387272,3.57071329273204,6.03546093310168,3.92188710137843
6.35454990452725,5.04021158043516,5.6364428574809,7.2901318674451,6.22863077780754,6.22537050693476,5.02306093921762,6.01966884106807,7.06221329151698,4.5336830362028
1.54514687720309,1.41717293291024,2.7994491985522,1.76036430906942,4.88863760870149,4.00171388946135,2.90603968747416,-0.254151971249998,4.33496063645413,0.458536392406036
5.23380679939421,5.6607431752174,6.19505114156941,7.53653366370204,6.43067486370068,6.99792898254115,5.44316162839852,5.55875073411658,4.74469011240723,6.41911537646796
5.82044150136968,4.69358048652267,4.44580653688898,7.1180147804837,4.60493848534272,4.98100316014082,7.38088225510748,8.15708251084078,6.44384115659719,5.9527591404787
4.01288931683624,3.77855531307369,6.11521654449581,7.15121718664586,3.6587743923628,5.6057581074095,4.3310334970962,5.67898984349227,5.47703674373794,6.0260260209202
3.40752717217898,4.23716300318526,7.22754742717327,5.00890018830178,4.97680448231426,5.42710042895533,5.49010657585467,4.9504971752874,7.3123820820026,5.60994707827808
3.49007769918823,5.63097911671793,4.0477175626987,5.55642176832488,5.82080891001287,5.26686001235956,6.14238803800081,5.27402355598447,6.84738151206274,5.59463341523182
0.75257490025789,0.136854149789261,2.37956837986341,-0.177535778261448,3.55172395560011,5.35669920641071,4.42743063634149,1.0022128791319,4.364832935536,0.20607796063328
1.82760512804032,0.117227219048069,3.64804192873908,0.122151238662645,4.55364652028355,2.94918440093037,4.61591666307545,0.761961222817716,3.39849710426487,2.00183061077845
5.10375105032869,4.77257357582213,5.58575416640732,7.05516417363127,6.44252802225377,6.76200539265314,5.68403429374612,5.9943395859947,7.34675875742618,6.87684243023915
5.57815040848255,4.07866056105924,5.69806429298505,6.63646484259743,6.59669386939777,6.843951711322,6.46771120537185,4.63765696614973,5.82562200832202,3.64360657301192
5.72214574912866,5.80778784842209,4.24370465678987,5.11910095182823,5.98794737652553,6.91376559753622,6.31347138167773,6.74702681249651,5.7683717243374,6.32303629785969
4.27986051964498,5.66094331007301,4.9791749738175,6.99536781097305,5.59215899717338,6.29120211824551,8.33744404508393,3.38462125477975,4.78749112979936,5.4529678280513
6.62402767373409,5.81333537872078,3.56747708322157,6.01256606285641,6.2616989939331,7.05456618050776,5.05183369028485,4.46770821404807,2.33799351016284,4.94620228655557
5.2776809796122,6.00977923028676,6.29810754695223,5.7877356030175,7.67494655102288,6.23550009916376,4.80356171701112,4.09793988812996,4.83659585670706,3.42479776466195
3.46741534912344,6.12578882722698,3.47753546471208,5.50353906081286,7.20106804615788,4.45015723322374,6.07075770498129,6.83345499065411,5.04257373699071,5.31904765176328
4.69374151600731,4.27592315715606,5.66681248534525,5.40505863521542,1.94489599035467,6.59904103615621,6.5508140379301,6.66224830959662,4.20348558739314,5.46856948624125
3.37240581444641,4.49613421429287,5.98716610710094,5.48265533627894,4.50844008295135,7.89735345068253,5.3253027039978,5.94394073490977,6.16058851803498,3.83823557243952
5.60152426375127,5.73350315144621,6.49887268030398,5.8260409441948,5.32507575528004,5.82584511012494,7.02994734661742,5.21291731493603,5.20176795493525,4.37589720996394
4.09842084374484,3.30401120002915,5.89686549091854,6.62171527296418,6.15000695723823,4.03592425099219,7.52137200518004,5.49006790256517,5.867114662901,4.1601977228498
1.77972661545019,1.75375598964213,2.8908524353979,2.24421188030913,3.43601295024295,2.34672459663953,4.83874721616079,0.867261522390257,3.32369999383742,0.832465008613246
3.78870703627131,7.48343439315727,4.90774570046511,4.49708063665453,5.40501636511176,7.062036812765,7.24816426171099,6.55472558332432,6.80977754427558,6.93118061678063
4.40064485173428,3.58701977934589,4.65270692238147,4.99766054638824,4.98884838812183,5.29659586954836,3.33187189777778,6.34346153368364,5.25719633593893,4.2540452919959
6.28515217671796,5.54749075732507,5.60988842218409,7.22061061363888,4.55476252220024,4.05559294796642,6.86931245511886,4.25712037146019,4.07568418465268,6.20973271279773
1.16343237365726,1.17402993388766,4.26599901259,2.49444163480564,2.98508234479699,3.24661397051046,2.70788021146616,2.56133392173985,3.18410689058732,-0.124518473622301
4.32668357436936,5.39280119444735,3.49720501619185,6.34569006199421,5.36005723417619,6.30115258781542,7.0294775506695,7.5406022023395,5.8004256414231,4.07531777819529
6.31202360766762,2.9007197488625,6.68028315654605,6.67235539555341,7.38888748045579,3.92359408434249,5.40907354435462,5.39028860034118,3.14395587671929,4.61172759502451
4.90251170504971,3.11834215312008,5.14060910068225,5.28178853254146,4.47710183922977,5.69974198910973,3.94840339935041,5.2056515992222,5.5104231369736,5.3732222618186
5.69800597506712,4.53831188867205,4.68805163006037,7.23076900419315,5.42959056279081,4.33496043682113,6.32050373436014,5.25401511981093,5.86941227122617,5.95299584169093
3.18640773262098,1.7383104523492,4.54318583197552,-0.787328315127675,4.79355065616086,4.17681534892125,4.41344056660232,2.91122262433724,5.52882208114722,0.771705246574453
2.37976836997107,-0.354762036342827,4.93991478048606,3.37639885208082,3.98971212552653,3.73930762217868,5.05131860319731,1.7448420106712,2.75811438973188,1.2013703739397
3.59656748722506,0.113571384238585,3.90676983522083,0.782797243273339,5.16959786370632,4.91217660103196,2.43643409282597,0.544529500466518,5.08652163773276,2.8190590199074
5.44381831338467,5.0418927720263,5.36762431989817,5.58896558751117,5.77614837470045,7.114975754008,4.22959205461046,4.27027773857642,4.64147247636677,3.84920562652304
4.88579617883719,4.93053381825612,3.975799070408,6.19559206706029,4.03307707757907,4.96321486262446,5.07284885864732,7.18971802492691,5.29234843148991,5.15055469420937
4.7907036439781,5.16026050177294,4.91288852288857,7.60875544168133,5.2164519418834,4.1257005267463,5.43361128120936,6.50801993153031,5.69669157515934,7.04824792856269
5.48719810518519,4.76323921045828,6.22125582056807,8.3664009728408,6.01836630900718,5.63751945129682,5.19236319253533,4.74281478283629,3.98003189812251,5.85749185207009
1.15882310712791,1.05379043537762,1.95317072293584,4.01762143505557,3.77890246538736,3.81192762546785,5.04987491659244,0.348002121155463,3.52962097304819,1.80298170401714
2.10101812906647,5.9928848657951,5.49856631235961,5.93203002659769,4.10216991925052,5.21836876569733,7.15866567902466,4.21609238552143,6.00772608139771,7.7884679488995
4.9460545811391,4.77608027283433,5.31367018965443,6.99274843932289,5.10232827282409,6.2172594821476,6.59177625108879,4.49536725514885,4.98471730854425,3.69068962416882
6.00494181230345,5.91280231227697,6.53291817518076,7.40718720170038,4.44175510814047,6.00193962079494,6.70529544773317,3.10634563468894,7.33065932896874,5.60403885114955
5.10103830933195,4.85873598836174,7.95446364277665,5.41060200102952,7.23054907287326,6.14502747809198,6.96828043817576,5.64731574547126,4.70418580558449,5.70889675368452
3.65656898432346,6.38318001090725,4.77354392580888,5.70274125939707,5.37461620926848,5.17881083413006,5.97101309086166,6.09868437320554,6.3486780627724,7.08330160547735
5.11719544282152,3.29354110248977,5.5460050825081,6.49847070549221,5.65988045565986,6.36097049424282,6.16088949389081,7.04356510655447,4.29332133672756,5.28105002506251
2.37638412297219,0.431543665459695,4.7586341049625,1.24781321843605,3.89465606220256,4.81505780455259,4.2351073158357,2.54493126726369,4.53861449429332,2.70825725396497
5.01182527816133,3.7829170249844,5.65085697619744,7.06267871506337,6.85206698811951,6.08313127500742,6.13489699521976,5.30417891733682,2.81987470008321,5.76210686406048
5.66462722265838,5.78779159301156,5.45430589563757,5.14844336292404,5.47580167212379,6.05531360375018,5.92751990485897,6.01619397214172,9.0384432764639,7.21794436391108
4.25781235543423,4.64714258374653,6.06473996245985,6.19296375505324,6.76542773473358,4.77064343928628,6.40504283791385,5.26596577682115,5.88565059454415,4.6876218202489
4.85470225259573,4.92062158050587,4.82659398039876,6.26088876990326,5.66821642510196,6.43422978069228,5.69190720586351,5.9467923502366,4.31440147857638,4.81656169937892
5.4772220486118,5.4502720272964,6.70927773067345,4.85701040178639,5.4016576292841,6.8941033865182,7.75015353094896,6.51476506783562,4.36061679308709,4.39253733711946
5.17916530963013,5.28593300662737,5.57890775346221,6.06415617083388,4.05657033324943,4.5018173800711,3.94825059580046,6.29368842961952,8.04762105866174,7.20668953493307
0.833618634077971,1.27393584193325,5.04470239366504,0.643534201690695,4.45646446362021,5.13111831820064,3.26813144066131,0.461863355042099,3.4817250145954,0.855589034586251
4.87804335720794,5.19777238299013,5.53032267999648,4.08840374514084,7.95733742509515,3.37323309505768,5.72308225945088,4.96954233961422,6.72773758006117,7.00193460759443
5.80727641302959,5.68375197580676,5.759401209519,3.03580368571002,4.92602278818567,3.11402799911991,6.51137439860165,5.41968113067826,5.48227496480693,5.0550113036832
1.90887583333911,-0.399196632447661,5.0939216088275,1.60565917653982,2.83900403822791,3.93314116094873,4.09276375776327,0.790382949094909,4.26973563944779,2.23550830856157
6.36553875358374,5.38692396502699,6.29736370576669,4.42819460326495,6.61204417180015,5.36570381594537,3.77608583346855,6.2330333694574,5.07981911969542,6.13405538648967
3.99188764843134,4.79032962956077,6.28888353156063,6.71941030528666,5.78138281739637,5.58026047830575,7.03592780595508,4.64439191260629,5.75476417691734,5.10592333015482
5.10114501550407,2.62540105402024,5.11640883774646,6.15310119998402,7.75699080141437,5.23768178841709,7.11764527368465,4.49112008698502,4.55566970788762,4.62034846544677
0.0421218947482548,-1.58913827173722,4.16280460332795,1.68226023973361,3.47751199930814,3.55943751903176,5.05502074926926,0.832679135983141,5.31970384343806,1.06230953298893
4.97100294028115,4.91894364067004,6.57203497789258,7.80566046452974,6.73127795674212,5.1651136871389,7.15081847873554,5.53115105268395,4.63087295954668,7.0923780077084
4.63507760554568,4.68086365186219,5.4472500630809,4.10331369894414,6.14860492624359,6.15472201445637,5.95893501891709,6.35111706514136,6.06691222726125,6.24928186891804
6.65983561631829,5.64158214321287,5.27691480712098,5.92115714551681,5.00768078873363,7.60560195746982,5.5727440004879,5.69021136041576,4.57534146526326,3.39952948368364
3.69839509570496,1.0885126419635,4.00434931031927,1.46084692520159,4.93412083569985,3.1312080717033,2.41276266582821,1.15994779954085,5.03388310198139,-0.000659865016670924
3.25610717085601,1.1790372452157,4.27545846353675,1.86761210640202,3.06812924545532,4.7124226965491,3.3506387803565,0.813477505367722,4.82608400410874,1.35083355069858
5.40932701325206,3.94170642417892,5.88342987407418,4.75827863764169,7.83156013108552,6.81627738629695,3.72015073004483,5.41831138844035,4.75845375621907,5.45922860511601
2.33868649072119,0.986431143244139,4.64469044498457,0.518277377465749,5.66469804819051,2.54224052306771,4.80275368427274,1.92871036455568,3.55840062871064,0.914249065954746
0.317827571945868,1.00364752573586,4.32963885795248,-0.22825985907807,5.54668055685613,2.83103294247759,2.9874374145114,0.910636200027609,2.65660184814158,-0.296439232402669
4.63092139944977,4.41204052676957,5.17861652066726,4.59526560851636,5.22953086532144,6.27165718702738,6.35354222563842,5.1720885790835,3.96816048363391,5.60672102472652
0.787356863806135,-0.286853914340002,5.33055351156987,2.70865089908714,3.18995299040025,4.02147798346828,2.28134451646441,1.10758016592551,4.43908077248728,1.27217175775999
-0.285712452961817,1.53331433051397,5.52180940930554,0.241530099591024,3.38941534257491,5.92572799981113,4.63753551155072,1.27846103427294,3.36288207740379,-0.0555036751588089
4.98383526949207,4.67892469477073,6.09075174591085,4.00636343023849,4.57209652954005,6.67538770844783,5.21230560016002,4.73317318406011,4.98494609972297,6.76183985767476
6.71921598163529,6.94544011868465,4.32459947629213,5.49683211009187,6.77083710627987,6.54137878324768,6.15658515329017,4.66815935242942,4.6749937203389,3.9618073167572
5.35313468941819,3.66103427918785,3.45481641531654,6.35543389305337,5.18822670479748,6.01787953880037,5.58643563221429,5.18408884920008,6.3883465854498,5.50950204576345
-0.0135502935594864,1.0913180272837,4.68708412476057,1.18972576521407,3.90023434189779,3.14112642036856,3.92054868398561,-1.20771895227782,4.38780605657503,0.942905443047682
4.4013693069578,5.1936490947595,3.91575581944353,5.61916414000665,6.82480534555137,4.04538041968881,5.95366207892779,6.79883924059247,6.96773411384045,6.60545016908677
5.140178015175,5.07087337363728,6.08281433758123,5.65213169360726,5.46999757168871,5.99008609112461,8.74201600615358,7.92370708485052,6.73722862617647,7.01198436398691
4.40302726934792,5.21939355767745,4.70392409791709,5.46752724502743,6.47641257968494,4.42688033793445,5.97151407788668,6.75679979684843,5.55236287473998,6.57850167669562
2.71090875399549,7.08305154581893,4.86148562512473,5.2112656774784,7.07307388686296,5.07518430544958,7.61453278675894,5.08415104137513,5.29705841724784,5.54081575498008
5.38507141035537,5.38825467119701,6.19331880762036,5.20315951159379,5.05869746934468,5.82204648481801,5.2249321354931,4.83073932325911,6.0486293914161,7.16980102339633
4.55243987160705,3.69576141325846,3.65676720327175,6.34686796184819,4.30197020797434,5.44891001534442,6.06676596480159,6.91718342241445,6.36085157444138,4.82890582736075
5.65287083331049,5.89285189999142,5.56176788276641,6.04833057194447,4.10343397802303,4.60035215172324,7.1111272882157,4.38161345005905,3.66686782477325,6.25348428198938
6.1991704771851,4.68836049130488,5.98570618062153,6.62264865608018,5.43482836039491,5.34121549543987,6.12414236274465,4.88146657025911,6.15672708678042,4.9102680272111
3.85628885209516,3.34866860778524,4.82317672380946,5.76154739786244,5.37961356164985,4.83495524824373,3.5552230674145,6.86384361292985,5.64134118648783,6.9427382916843
4.53991134230616,4.23948098349099,4.89427033460999,5.09052377115605,4.65298940022853,5.05025084903415,6.38199907484123,7.4099510815661,5.330736605361,6.16664633057935
5.53226191342632,4.51389147570529,4.739442456816,5.73941246176199,7.00471317746445,7.81619133784467,5.92845332394078,5.79246327464297,5.87445073474361,5.09588520620017
5.77845960818598,4.66932304135038,5.39687814154911,6.59903406906782,7.09522447880192,5.01774842401546,7.27903018869913,6.39657111541721,6.1242259277013,5.35955596740714
4.03711353032821,6.30104933902406,3.11853153668112,7.55808733653707,6.35933169215433,4.16579202859818,4.49264734226949,6.39090036781001,6.39581384592071,7.03416578181568
-0.328975922698056,1.02178191290074,3.10501153081391,2.00448893219833,3.64391364205746,2.180363093321,4.29812242213082,1.38742177906476,4.23301089607571,2.2792812214858
3.96867717176099,3.63988721724521,2.89590916680726,6.77970233766476,7.33706365682341,5.03343207050334,5.57071311622908,5.76495243889093,7.06861425224888,5.72482203015438
6.22581445508726,3.94054213855865,6.69857097116729,5.83917996375565,6.05950333695584,8.08519292179637,6.53044689019495,7.3338945620944,4.72759701536286,5.73735211989361
5.77261505183479,4.91446549060031,4.89596853179649,6.10438349417563,4.82572496478132,4.76799460728408,5.64702679735014,6.11310265812442,7.39207580474252,6.97890529999614
0.0345952810125214,0.774456406707097,2.99048083288802,-0.572254627691683,3.82635543092363,5.9010536811266,4.70357159691899,2.10839320187578,3.10179794628833,2.47498142224961
6.37888327793774,3.68424075649877,3.10841484269547,6.29529033486892,6.30667497360152,5.07727255989265,5.79995701491026,8.12140336197399,5.99422262358771,4.98499944463489
4.30173517538358,4.64754159247738,4.93526510604399,8.28428463572661,4.77032539232769,6.41513334926228,4.59603492750349,5.45962328865253,5.10784360896631,6.58995866470748
3.67230500419577,3.5741130920402,7.38761959731173,6.758715782176,6.09710909339769,5.68515754819873,6.15034364260762,6.45819434410077,7.92338644646152,4.72994284541072
4.20077128838562,5.66325869410009,5.31131263483484,5.20883480268737,6.32400633307619,6.65282940748687,5.0114439902738,3.29463261816683,5.55831281194297,5.07591561191452
1.96769527166576,1.20349116870197,4.80997765528021,1.24909850021442,3.76605078249488,5.35381341531629,3.37180486023744,-0.614794924853656,3.31740463039979,-0.952440821564611
1.7047045402126,-0.498493366458874,3.13054326152909,0.483129228192075,3.02022106594321,3.2575000246563,4.41423985900921,1.82878384102194,2.98740803560373,0.132996399680412
4.41394014990777,5.61557168982754,6.07524573646275,4.42880279294566,6.76987938164849,5.05846784156256,5.47262134114808,4.94175282054201,4.31872213815203,3.64691433589576
4.54203828249774,4.99227108372926,5.07454676131717,5.68337690976226,5.29300437129058,4.62965065537325,5.07162038754885,5.68074915865263,5.82301068016119,6.00471936537455
3.5362744225709,3.93175131796319,3.77547479116039,5.96134152935838,6.66823553104137,5.09149944122605,5.01718734829752,4.98727167241497,5.22587900364724,5.3529633027508
5.1705107607214,5.89441675544075,5.46789525078654,5.93739507306061,4.9152184400995,4.49786056956823,5.23235507623208,3.06196357681123,6.74569303458187,6.39812294392077
3.67088274587812,5.2469560818746,3.69965682689878,4.92319952967877,5.31618960343148,3.9755640261333,5.368494561352,6.4830147973819,5.30146991364944,6.60081293201017
3.84334091067648,3.45085846295512,7.79012450188513,6.09843286416508,5.67257927674078,7.77824652804388,6.98587699237111,5.5925367150615,7.15887773927373,5.84985281425125
4.49780513414745,4.81038352465684,6.01799319333486,5.91317185067569,5.41113492585225,6.3462690988756,7.33983885522919,5.20158423293032,5.63092681895792,6.20931378652802
6.94931164947162,4.64617495939899,6.36563692771054,4.86853871357575,5.26534344675817,5.2784965309794,5.67631793095211,5.39898884413264,6.2525926813098,5.35714657083061
2.15715395704521,1.85852514396662,3.37230573174228,1.55645451770303,3.56190026792567,3.0452594254813,3.62576574655997,2.25261482730218,4.70197685459209,0.803475776817608
4.39347629589073,3.22103912101309,5.04764006690921,5.72859704523615,4.42285437637536,5.7567764702012,3.73276270847315,4.89273638991585,5.18223113942324,3.47288944399914
5.85400051233882,4.48492294684925,5.31608251603879,7.13645734367902,6.48953043528765,3.59995859118627,5.55098519595234,5.34512178624423,6.56345873699457,8.10078458963474
5.7965288915908,3.86987567824628,6.08687741933444,5.16075246914656,5.94959811270205,3.9843380976523,6.53909656796508,5.43875368338809,5.47419377776389,4.29626569677343
-0.286131646772641,1.16934953654124,5.68451398743572,2.62753737242531,3.40339195482636,3.67060700317341,2.16572656981635,0.500065553144602,4.22540574437277,0.84342998500568
4.02964457381594,5.85305799463763,6.58960157015078,5.2136494939374,5.91776434957521,4.70200190527424,5.97592074705513,4.57538221059927,5.01707496783373,5.7941796141357
4.68838547833035,5.3478857372389,4.66167227049336,5.39727771476365,5.5405524012592,6.30991469957058,7.26689391629571,5.68923050665168,4.03661124006371,4.99105764849774
4.75307078509394,5.77870150198167,3.75954733233619,6.37499645236398,5.29614776414971,6.04802891201176,6.815103313787,5.75232277568055,5.50892583679315,3.85770504009391
3.67638053931641,5.38573779226292,5.21122681865858,6.34275465168312,5.85959268642375,4.82330072870951,5.17280915519376,4.47261894065875,4.85823870076373,6.36746101593128
-0.183938717851882,0.911694419213518,5.15297645724422,1.05277509070559,4.21813781515001,3.55027188674544,4.42980071288638,1.99956763133032,5.85762136511501,2.44394864236148
2.92937965360612,3.80551488517376,5.39530611766197,5.12127303868795,5.78904022044224,6.86335490056534,6.61339285437232,4.8101137512241,5.85260240753525,4.13052962507202
5.9932466165266,6.4286633725027,5.20785102961227,5.68578664599384,6.71079288943546,7.11725759125304,7.29102834971626,5.52676056637153,4.88308106780711,4.21716841452008
4.55161064750753,4.3048916533111,5.52422534208283,5.41711070903564,5.87365552365667,3.52344320514928,5.38744581560302,6.28575604254589,5.21864399907836,4.64118380530353
5.32085933722213,4.6282492841326,6.29474607138214,5.53226105721894,5.69775361460083,6.46542749310846,7.39701994812019,3.8921670423881,6.33097219791137,4.62377488803557
-0.271681863974961,1.18685186832247,5.39587475731531,-1.29833054185031,4.2224297368466,3.29909413445722,4.18181873606893,1.07210204640022,3.40267456378099,1.59654703977774
5.98323525978385,4.87512437903314,3.94855682034836,7.61717192220179,4.05828386519799,5.2222823091572,6.1271690221823,5.11455510538422,6.6600005719767,6.63427666899257
1.5782842414814,2.70873840157997,2.92889785373208,1.76858662660096,2.66191853356724,1.56319472006592,4.70960892253238,-0.909633075409451,5.20387859262843,0.543471675500489
5.95669121598023,5.39944336726463,5.8834624578997,7.32752919100381,5.15112770534915,5.80387288345528,6.06300334228211,4.63596308961473,3.69728807860402,5.86540105921182
4.89659942405132,4.62506543076613,3.76301720944052,5.84860163286903,5.15452200686962,3.54780120457024,4.20620949340658,6.23293461275386,5.0696416080707,6.30113024888089
0.6238798467063,2.04828677637932,5.72901562172956,1.97236956545031,3.51233597327328,3.7529767691613,4.32684915303866,1.71019085940362,4.57324985366245,2.22987971740333
1.92794805668019,-0.0894991285750275,4.4529921865678,1.53658618418783,2.99421059431143,5.11278027699695,2.94458369037177,0.403899061216197,3.23921333762792,0.380089815773572
4.29956185736665,4.44720996716041,6.64476101022468,5.74274549865583,4.41049425034249,5.1705474532262,5.77617503227624,2.89298927484501,5.54458048325272,5.1227211503731
0.420351856450964,2.31353063325151,5.45046787898822,1.85235039588834,3.11335484089445,4.81335082525326,4.53354948267418,0.948481688348033,2.52754562660481,0.387744223379163
4.97078360163905,3.96848959693106,6.55497672457977,6.91243487658796,5.96491749938633,7.08948171557604,4.87598667324454,6.08699478351765,4.32326102966474,5.44646370753333
-0.0696518150255088,0.657202464783175,5.16196308935288,0.748443173118601,4.96438110836906,3.64079912736065,4.67222404021088,-0.101523818451669,4.7589200850993,1.44973060917415
4.27266267187848,4.84906258967798,3.7596785302236,5.09882114677483,6.45805196789252,5.34739185936254,5.9851746020643,8.00323802555423,5.35073831065153,4.18402676374162
4.82916855912997,3.6093144918698,4.06292867106374,5.76825874549214,4.20530939265816,6.0668425800478,6.65617636501246,6.66652719506622,4.9640536277626,6.30633742672241
2.8394001738877,-0.693866972692422,4.74707630779563,0.260899497430377,4.10913065323644,4.78124914136304,3.65246652314911,0.811801409826287,2.79279246713298,1.42899642433164
3.98834086169339,4.54236527673098,6.64094686593243,6.17867962206571,4.9490220342882,7.25802839772222,4.31412263104592,5.01913572028506,3.95156177087932,4.75868831230798
5.90259669094191,4.6016692565824,6.61554219818853,6.22723039857945,5.77530048773173,7.09395000056128,4.86295977408778,2.85803731626064,6.38964043392344,5.84325278616637
3.52177946418693,5.91445004994657,1.70236635491647,5.91003695682799,6.2999822156354,3.70519717106473,4.26958878074117,6.26611548456091,4.82114375626328,4.17224795483018
4.72200894404683,5.27233833854549,3.96681362319238,3.90744871772416,7.31762077175146,4.99086733627917,5.68095921489532,6.92842935249297,5.39873465933045,5.19757633802973
0.0743453121970943,0.441510612139617,3.73314083931836,1.37965802569803,3.92327162120406,2.5495588262545,4.19953418396389,1.13094189540843,2.97776540722483,0.335797615390192
3.44685726895672,5.2179845991622,3.73126622452831,5.82844981407949,7.24011158552942,5.43735541732143,6.95183854933039,5.56786557153692,5.88135638348563,6.94426003387801
3.6735139124592,4.47911999110328,4.0003707666032,5.85812044499173,5.59588093746856,4.30323288306238,6.59265018906682,6.09346275711472,6.61653094994871,7.94693829814265
-0.696019563586182,0.298899417408769,1.95332752593937,-0.0834181706488084,4.10907874619103,1.80846591904422,5.79261988703987,-0.136208121885497,3.78087435929757,1.03038416915021
0.92719711002384,1.02785142348818,3.79480620672628,-0.551709205719232,4.51720145271728,5.71968820051069,4.28561475450029,-1.73351267667681,4.03594981052587,1.4003724089575
4.23259532696752,4.61354896209451,6.12831252174852,5.78730748292688,6.00937995601929,4.91435902308931,6.61935057203087,4.98380385767614,4.96328495974105,3.7222833525392
2.32470407017108,1.54821090120756,3.61125139748737,1.51890582644246,4.81573466192278,4.29083089197322,5.53754466860653,-0.948774817068418,4.42968132821112,0.601119207413928
3.76506162403144,5.11053068884614,5.6720376089384,5.62764757620137,3.8767366004683,5.48964688703193,5.80294912157477,4.0853106509774,5.81414322763179,4.19173344675059
6.92577933058495,2.64541926733857,5.76649201504745,5.76219237424965,4.44672221092556,5.91746443158569,6.29438431868535,6.69190873795252,5.02319499519063,4.77888592106919
-0.594475130855983,-0.447031907918278,4.04912714992332,-0.0548921543860657,3.09201511387509,2.96038822611639,3.75085074926702,1.3637933829485,5.48799444912007,0.877598905216558
4.44973672360938,5.92116817310809,4.38760262523617,4.98438292595184,7.42867624142144,5.14570300306981,5.37081913791528,4.77874054121746,5.01872568513015,4.83656124968126
4.22216563457152,4.01917777263797,6.09762082889197,5.44221251899843,6.3024489539742,7.11177116452343,6.19257302158207,4.76386971433042,5.08615066002605,5.50708185629232
3.52403878562921,5.66347447401701,6.51593996322059,5.61288053752989,4.84669076494209,5.73258656577414,6.93289423339158,5.96210366802546,3.29435719251387,4.24897397075167
4.18430383449804,5.77993027826621,2.97542056015857,7.30540759594292,5.54650009457417,4.37435066312667,6.40329004145858,5.16237214394688,7.45410125063687,5.72862073893087
1.02474207216196,1.01105621600882,4.46123524752038,0.0925803793494263,2.94219884035418,2.94867968225898,4.97315095749757,1.08207113677759,3.84480633282037,1.0089372462318
6.40888535937087,4.70429783603449,5.01634483086539,7.16681043649386,7.31209768355239,5.77343996201979,4.74611164649167,6.80677315315497,5.95977031705179,6.73407369100662
5.36199211556429,6.0059877961,4.41318714274782,5.77701847685085,5.99215784564659,5.99029264378326,7.63871964020738,6.23252967715184,4.39536484704954,4.28843793520969
0.287898121313334,0.830661240412501,4.78313557937131,0.268209960092388,0.866266885013729,4.45049776594044,4.79498040382692,0.682434179506711,3.68829614176821,0.398430274201508
0.386033555511931,0.804718200337222,5.19829385526602,1.20332450776033,2.89687963547838,4.68623639841549,3.55043738344184,-0.023721541128493,4.05975331692507,1.81523329517911
-0.0435211454406599,1.01611165006837,3.38362550081577,1.302733083009,2.82904686656992,3.41163431717432,3.36509264098247,-1.0892872654958,3.36418056442127,1.00357688816235
0.902090607816196,2.09341476021905,4.05021419585924,-0.881794880771503,4.76701820116823,4.1986704291714,4.14044076671369,1.90582883872971,2.90655693521962,2.86201175755903
4.78567183629759,6.01556359963226,6.89655899030854,4.6414335754549,5.44631760925081,5.46685859727668,4.12251797364518,4.62420073149989,5.11321297254179,5.91541297776465
3.2095818397706,6.06073848626649,4.34384421646011,6.34995518323231,5.651696587571,6.42402396996264,7.93071548000737,4.73474403808267,3.12259333247387,4.5798383693995
-0.902177022034906,0.286742981717435,3.67616078380303,0.318807981569639,3.20041706442953,4.75064777512002,2.76272114345342,0.266428821103429,2.54593151463117,1.56101191699632
4.97686982849089,3.57091476889647,2.79935087417009,5.21423118460373,5.685880124232,6.54984697711904,5.7391159757813,5.3127648419093,6.04042208439685,7.93686858678037
3.44565831799505,2.69713125936978,6.9180714322954,4.65453535427511,7.73998802337321,5.24009954818952,5.47911814708233,5.95566818873086,5.20176915497107,2.18992741231447
2.86982738280782,0.809496392057085,4.50944582487695,0.810262347746609,5.44408678664005,3.96816750071007,3.49044920191564,2.19011275167863,3.06296572035279,-0.126194805114684
4.64356967140434,3.27281880390874,4.47944551684093,5.11736954883256,5.83249379231988,5.23341104217538,6.81950530042822,5.96763733498188,4.57695337647852,4.02829983870789
6.46922120369175,5.98110965231621,7.11594735872865,5.75257873693163,6.65023825345023,5.65196027407238,6.73358927608902,6.15485532156502,5.65329476236884,5.51711286626803
3.92419556859263,5.64679632119423,4.32001144078284,6.93697555030229,4.75968229179981,4.86766456716173,6.15098200423942,7.0063899951666,6.62553946263475,8.29391335937908
3.34280295318372,0.18472076650373,4.94142415936659,0.922137559708626,3.69248479826422,4.76831365288668,4.81208674991165,1.59254957638291,2.94204564659214,-0.104186863574138
5.06880984399945,4.99514141672429,4.26840122690865,6.90555852054569,7.24447715213026,4.78314888319447,4.99165881415592,5.55210814097918,8.29682198167424,7.4623012421744
0.528193430174291,2.32086542799529,3.37136143229183,0.533346963966183,6.02697759280988,5.75881944427731,4.54414541808023,2.9261812971557,2.69881357702594,0.321041635346198
5.5666502028087,4.92697792675629,5.68717333888293,4.05953557458963,4.96119351462245,5.68308254096214,5.49127312988101,4.19188519444001,5.61748384182315,4.95391314736374
2.61086624388825,0.020641580501824,4.33580995545678,0.305495544962704,5.31079542657686,4.94103823283546,4.92381152542584,1.1351017877722,3.52309889174224,1.27971068488085
0.510965434586023,1.9781834754804,4.05365459530976,-0.422855236740302,4.68930037460864,4.60903452483142,3.47220489430085,0.296787210975979,4.30360994419205,0.994905400142246
1.51950064514529,1.27256807551212,3.86828766274293,2.10530805440671,3.53381570175049,6.30994464634942,4.82609997060238,1.22877728793605,3.28102549268303,0.999633383558859
4.8444034955837,5.07474549014564,5.6637192960166,7.34530077942331,6.38789501131092,4.75192038719215,6.14923122179085,7.16957465737834,5.85928070502012,5.86113340913542
4.80847822170128,5.48596462393964,7.88843013548372,5.72564864817797,5.18693554876008,5.87501075611794,6.29944084332882,4.61489102132073,6.18578488159125,5.8941381795172
1.95288095707738,1.72604425030947,2.81684589535721,-0.68583960969284,2.41161539775884,5.6692824324718,3.81162441687147,1.50250170088307,4.90672577823369,2.47255876868871
1.26939593346158,1.02588750366049,4.7929993823261,2.84594894182174,3.29100672398506,4.31120829726589,2.98805850190336,0.883124553160627,4.34451680381056,2.28038076400258
1.42164430595857,1.63038489211058,3.90133211177132,1.25526025094932,3.98449362031243,4.44165736040333,3.93553097448478,1.59728322948154,3.93956655202074,1.0345180859457
5.22966415024969,3.85643391773351,5.80298715057484,5.53880955445018,5.29549038292311,5.94459920601949,5.36297609329053,4.39754994552364,5.91193654904366,7.17977675150104
5.42679397130628,3.41493640745551,6.9555821061965,5.18348135905142,4.89166635450022,3.9257917402103,4.6443244502699,5.7265247299749,3.64885920032145,5.9275934569102
1.27220784493045,1.66041789260333,3.74834841627876,1.00475658128999,3.51192381255222,4.60306692337591,4.27799815194621,1.76684009194945,4.1007707617071,1.77537146601699
5.94052620863269,4.94433825295992,4.98786292200901,7.06376339759407,7.36227866497998,4.99692851876567,5.098660190429,4.69317662357266,5.88764376178662,3.97812305393676
4.5640139659487,6.6059378845994,5.88209568698557,6.67569389324294,6.65527572426008,3.75657853867719,5.84737835776329,4.72329175227313,7.23532112934215,6.20842397158959
3.54622729458993,4.92346835711235,4.8724997311157,6.14937575108555,5.88064484321234,5.24425405106856,6.3587731421316,5.22626414699356,5.39661516619944,3.8649773650211
1.91545948978001,0.788042211348154,6.27207683025502,-2.14552003560287,4.16978751499057,4.93407931102248,4.63856460551651,0.79033417815404,5.26913247887395,0.574416918262064
4.51913051955447,4.97603996756451,7.14231539157812,5.94567401161983,6.2196761090454,5.51627122666854,4.58295902235836,5.80546715077559,4.71040214413634,4.29909476430619
0.0951287631743191,-0.0856624688342653,3.42542584798292,1.01872453960453,4.05034474609328,4.40814302662867,3.41924483334184,0.267438394530602,4.55670136328276,0.0777568383192274
4.81770930918192,6.11242325331917,5.91236901151899,5.08651875558393,6.81726567815264,4.75412955021544,5.18854389206562,5.83572225993084,5.33386871645964,6.50656787459796
0.909353428761797,0.919900989460793,2.98210553694014,0.491556785360371,3.69422253594161,3.56925079525162,4.13469004708588,-0.431330627185638,5.34827420199285,0.0244392770143267
2.47619746411709,1.17127611520946,5.19312345457051,1.13177825522743,3.9306862059752,5.34637233662077,4.28491238148715,-0.360772772910039,4.59022623719338,0.827303994647608
4.3771582290861,6.46676503674465,6.17565781943252,5.07850022393827,4.49614198789728,4.26023713193127,4.90348685856647,6.13158852776638,7.57210774820937,5.37030389189586
6.64177686639311,4.81188180355223,4.25693321899067,5.79011685347362,6.07865186068716,5.25369747975484,4.90370341157686,5.5200053014512,5.86870843879487,5.46722505101165
-0.234534496569055,0.504220303500298,5.19597077408673,2.54275628307661,3.05398848779995,4.10535140198016,4.02605504822976,0.83632310391692,3.22336788677336,1.05352416887045
6.57716605699923,5.24213449931083,5.795577514846,5.66092618477815,7.75823685884211,5.42448787337825,5.3992611670157,5.68832735864828,3.64965663914901,6.78735971483079
6.31820695298339,3.45439735516258,4.73882986305659,5.01811383587627,7.37966359657935,6.61334621922346,7.2330551671665,5.38246918446144,5.51278609556745,6.48168326386923
5.64089835695055,7.63967605143012,6.35848779987251,6.85015190251185,7.04566842984258,6.29778380263909,4.82861277923504,5.8134517888496,4.78875251358065,6.35978082469278
3.25479992090981,5.64734832047225,7.08848202473236,7.54644407734888,6.69270020346988,5.12217383519811,3.17091539942222,6.15978791938252,6.44387830208394,4.00711187216018
4.7914337100646,3.89022815891835,4.69631996516658,4.04320704465744,5.99676487541963,5.28448818067351,7.31956313365216,5.42432594998592,5.81607370513305,6.47901526522813
5.64760426172339,5.24421902765158,5.41290287571742,5.55163420987195,5.90022196976122,5.38504739571649,6.21094670594001,5.76495382528705,7.08106334177256,7.04527445274504
1.8299905534138,0.96976188287289,3.71833838996073,1.95207820867497,5.02236324589869,4.24363430551963,1.72113601910508,0.927698913087576,4.07241544592966,-0.399173038071938
0.790686343988384,0.766193806223538,4.48783777341378,1.20487350507834,5.09614712925448,5.9199970416699,2.06313144946099,1.36263959489709,4.99850857273331,0.480237664486864
-0.9673480115395,-0.400223728178617,5.16039685571176,2.54108549756465,3.52167253981982,4.5457540364382,2.99263634652637,0.589999341464188,2.7715743352735,0.866312405302247
5.65970442938602,4.16813575145866,7.10721385941614,5.54988437480191,6.27495101880906,4.31998119430998,8.07893842556647,5.86420505457144,6.23033625971195,4.74570138623256
2.4160434521694,2.08672979960286,3.26541033433216,1.63151186526554,3.14327417739602,4.53409835755681,2.77311138880666,-0.50845270521312,4.03979724344792,1.65375559229478
4.7021318759803,6.16732497701562,6.70663846868986,5.93032361797445,5.44708141327753,7.29278714291233,6.87645356878839,4.74470542668924,3.79550274002993,4.59169261464502
-0.145373662957478,-0.383532264902562,3.93157129606618,1.55174178278627,2.30198008249428,3.82720657080519,5.19028789594386,1.37083106714311,3.9463652464539,2.41843376401682
0.281546482396263,2.65101228187262,5.22040585084685,0.855734579782514,3.02047021405847,2.72540278049009,3.68256690258457,1.44684373592994,3.46068870313066,0.20799025909455
0.503549232012533,1.90295378476979,6.0916576471031,1.05568339948734,5.05429867737695,4.94361869320242,3.52637474548441,1.80654569486231,5.03292428009682,1.13199332251178
6.89946905909246,3.82245665586151,6.156108989259,7.37057330212024,4.06882977926257,6.03707778984272,6.79665500404206,5.63875353491503,5.66742918018788,6.67156163349575
4.24973167845277,3.51655036597294,4.37608968002638,7.0040739832621,6.12357782156381,7.06964950176193,5.94802589541737,6.03694672639103,4.15427776543014,5.56115882900847
4.69934635447225,3.59863366952226,6.62110903062097,4.92798643376816,5.14087728184503,3.97164231941643,5.57700597948777,4.33206136606326,5.64310339765647,4.89834339651294
1.39643307146425,-0.844059372591373,4.33619412259553,1.19250114563441,3.78644696670845,3.76850249135296,2.40666904731973,-0.57826034235994,3.13863150503843,0.5070616613171
6.58460396444593,6.29435017601939,6.95092274022583,6.69631102059135,5.83147672630873,5.27534654279992,6.02202326118564,5.16077795697951,3.64648541619146,4.43849676212569
4.73847376045245,3.68234508767262,6.04983806316171,7.52100507276269,4.20857477463452,2.80939585462882,5.93428394446,4.98901547191938,4.87368634134371,2.92488024742805
3.53416810620215,3.31730532466764,5.66078256551549,4.59908388753392,5.21641699036065,5.7660756327937,4.26501706018437,6.19383032000294,5.28588561208926,7.53189359312244
4.79362982430142,5.11440239371502,4.10563442003696,6.35878851825143,8.29661178751974,3.81380695260337,4.81264612477488,4.36303065294786,5.60835679846843,5.75444214987013
0.770405080575371,-0.160104482777283,3.16791438366254,3.37708034279436,3.62042894845879,2.86452605848069,3.81061187632272,0.681029000678844,4.79163174384629,-0.694643518923144
5.60376286372583,5.28124994024827,6.84062440237149,5.6348500371511,6.18604217927051,4.62001801951221,5.59686802687591,4.05780476254214,3.94245624161874,4.2264982447505
-0.452303885713783,0.312879544450164,2.13041606981287,1.82699543424496,4.41836411385638,4.13379215747591,3.58071488566478,-0.296601762695046,2.41725195874413,1.73686116875796
-0.294813967561874,1.29990144763468,3.44304883730923,-0.75797728360782,5.33147020179506,3.68010834211784,3.63304304226375,2.34299231429813,4.34772781194427,1.23122512522348
-1.32202741693886,1.76621199151383,2.53830370548442,1.69630079047179,4.61380861713536,3.80036372862846,3.46799645615092,0.598976035233046,5.10400437898883,1.3909499866695
1.33848407968782,-0.0937975440824366,4.11986717668192,0.438220487136137,1.92494766421906,3.07887305080645,4.60230095415674,-0.984354596813975,4.28434325454515,1.42904736959486
4.75868016953897,3.91030096853032,6.92777069450318,6.62061703767012,5.29510505866613,6.46692920229387,6.87500350050932,3.94607205314036,5.96292174270025,6.11877667521765
1.11351007466535,-0.765480932818903,2.67546128679215,1.2003340468932,3.68567462641291,3.16883340784744,2.8811456497965,1.93584973183301,4.42731098034036,1.43613629523915
-0.410527998143901,3.09403216959931,3.99826594687172,0.126979921673766,3.33908312769354,3.26294061834657,4.19194387535299,2.69891934536055,3.41600123252598,0.670288522995524
5.43437715542479,4.15290299985067,4.75323983219213,5.60707097500025,7.66057709380822,5.83893086470521,7.0903116322813,5.8610348843251,4.4545448017703,4.1777618335107
5.09982657493577,3.70769510454843,4.07009596601572,5.31914572106246,5.15755214863977,4.24033019563134,7.38141614433049,5.34173307269071,6.35668575825549,7.16419671246442
4.81037203396993,5.9426500673063,5.38323927032164,5.97489880640644,7.14109106786785,6.52349109478469,5.25555896266392,4.72075033663822,4.95561545680982,5.35493041518369
4.48675332531564,5.90174511571442,6.12550351333733,5.59093813018951,5.45162411185764,5.92505414128316,5.5276895826229,4.43915566005881,4.80875444095321,6.5807606939249
2.32875193329595,1.24366875899319,4.65561773228662,-0.659748973939809,5.75445517638264,3.65741698182643,3.06445930975892,0.314772162481524,3.97529826320281,0.334238642159722
5.75837841442017,4.4909034883163,5.92607819480615,8.20209272309807,5.32815265064704,2.92573682889023,8.67132596730103,8.10338329676825,6.89899558592176,8.26430718405176
4.24814736644709,6.78572451557861,4.2863337823847,5.75197318098492,5.71133993387447,6.41554601173584,6.56643377810864,5.3768844350096,7.12713769073966,5.13003316342979
3.14876943374707,5.58359652278788,5.57348503278466,5.65488056138922,6.3632695682381,6.24866574524423,4.75054282803213,6.21212017089961,4.00784481697922,6.9329040708643
2.04203161160561,0.668053146418811,3.82793933494927,0.451968990430504,4.85006976494606,4.48634968843799,2.90883820542509,0.640483501443782,2.60381594619995,-0.119189938724269
0.504131429355326,-0.105962305152729,4.97763073942609,1.44283532121129,3.5055263758537,4.85349058569118,5.01636914631987,-0.174261155088482,4.12772269256942,2.85619612935807
1.97981611454343,1.03164965213942,2.74952660380901,1.30596372567719,5.00783137684294,4.21060270246074,3.94209904770646,1.09703120004204,4.79100550089259,1.06323565479849
3.0182485739493,5.3862744639823,4.37354599894468,5.38697860082747,5.20313966285814,6.9325834907186,6.14664096367971,6.25736615354568,7.33389911190482,6.52368498292401
3.28853298086139,6.0414028848627,4.23946492840097,5.32366665898632,7.98318266427192,4.29174750516699,5.81556199000312,5.30435045360233,4.68632235850078,6.24089353298313
3.42592459128962,5.55891354189993,5.04586379056337,6.03386735818151,7.3379033596748,6.84153996294316,5.58373924618256,6.47309773991858,2.82600883781469,6.39769529488913
4.48621238413472,3.5424562096155,7.1947281733523,6.40068319680423,4.72180188922309,3.86697207774889,6.08408371477167,6.61886636384252,6.44192666739912,4.26647941140552
0.442211514220373,0.753184573617296,4.07060000408335,-0.294877515879317,2.52623491372071,5.35492341877848,5.9727986484001,0.864964438991478,4.55200716114991,-0.545919650533111
1.4559026069188,-0.710150435523712,3.93925759821662,3.11922005527909,3.68864699724667,4.36971036028355,4.47815584127396,0.921695849594006,3.01895797294749,2.80697648679235
4.57556781544227,3.12828346673156,4.54625365335728,5.49798828838398,4.91784488581164,5.49012345476703,8.2989924024635,5.21273488968388,5.72810970915165,6.47623695790199
4.63567075278855,4.86669649504081,5.34107961174161,6.58453419974856,6.42688727034383,5.67954149964674,6.12882323304474,3.56554096131296,5.07929382180942,3.74445343567161
1.99811254261694,0.0482030116785641,2.62507967376948,0.579677036998874,3.16035907983035,4.15261317190362,4.58579975182958,-0.130472652627648,4.31367432777757,0.872157664137942
2.71664909527313,0.880397856261045,2.7457478345211,1.2240086789708,3.81119252122887,3.29898046930815,5.17264318161809,0.452962131847622,3.91822712177704,1.73573761196361
5.29680761328591,4.12370622610653,4.16910639799466,5.07889194014579,6.04823453333147,5.30632434688689,6.66127377467725,6.89940586724972,5.30002078948311,5.64187444873334
3.44425212556358,5.16616507931537,5.64827153040708,5.10296625720672,6.00025703044288,7.01307995211525,5.16210206738364,5.28036873063252,4.90506586718146,5.0331667851463
